F1,clean_pos,Salary,ex_1_duartion,schools.university_1.study_field,schools.university_2.study_field,clean_comp
0,Software Engineer,93916,9 yrs,ComputerSoftware,Information Technology,Teradyne
1,Associate Human Resources Director,135955,1 yr,PHR,Human Resources Management,Harvard Kennedy School
3,Senior Integrated Producer,91586,7 yrs,Communication and Media Studies and Business Administration,,Wayfair
5,Clinical Programming Specialist,91894,1 yr 8 mos,Qlik Sense,"WDI - Web Development Immersive, Front End / Back End Web Development",bluebird bio
6,Sortation Associat,23400,1 yr 7 mos,,"International Relations, Economics",Amazon
7,Senior Software Engineer,128383,10 mos,Computer Science,Computer Science,Adobe
8,Senior System Administrator,114643,1 mo,Computer/Information Technology Administration and Management,"Business Administration, Concentration in MIS",Battery Ventures
9,Assistant Director,68776,2 mos,Finance & Economics,,Boston Red Sox
10,Vice President,157641,8 mos,Curriculum and Instruction,"Business (Marketing and Management) Minor in Law, Policy and Society",Teach For America
11,Head Of Engineering,109036,1 yr 6 mos,"Computer Engineering, Computer Science",,Zingeroo
12,Software Developer,106893,3 yrs 3 mos,Computer Science,Graphic Design,Florida Blue
13,Digital Communication Manager,64111,2 yrs 2 mos,Communication and Media Studies,,Boston University
14,Controller,127475,6 yrs 8 mos,Accounting,Accounting and Finance,Alcion Ventures
15,Business Operations Analyst,70443,4 yrs 1 mo,Mathematics,Mathematics,The Depository Trust & Clearing Corporation (DTCC)
16,Corporate Counsel,138639,2 yrs 3 mos,Business Law & Financial Services Concentration,Major in Criminology & Minor in Business,"Cantella & Co., Inc."
17,Enterprise Technology Project Manager,90068,1 yr 11 mos,Health Care,Project Management,Blue Cross Blue Shield of Massachusetts
18,Senior Manager,142841,1 yr 5 mos,Biotechnology,Biochemistry,"SOTIO, LLC"
20,Social Worker,64388,5 yrs 7 mos,"Psychology, Politics",Pre-Medical,Commonwealth of Massachusetts
25,Digital Partner,75226,5 yrs,Computer Science,,TrnDigital
26,Clinical Social Worker,69428,1 yr 4 mos,"Children, Youth, and Families; Trauma Certificate",Psychology; Concentration: Applied Behavior Analysis,Massachusetts General Hospital
27,Associate,44300,11 yrs 8 mos,Taxation,"Marketing,Finance, LPS",Paul-McCoy Family Office Services
30,Senior Marketing Program Specialist,123365,1 yr 11 mos,Communication and Media Studies,Marketing,Akamai Technologies
31,Tax Manager,125012,3 yrs 1 mo,Accounting,Accounting and Finance,Seaport Financial Partners
33,Electrical Engineer,91766,6 yrs 5 mos,Electrical and Computer Engineering,,Instant Eye
35,Senior Associate,85611,3 yrs,Economics; Japanese,,athenahealth
36,Student,23400,6 mos,Finance,"Economics, Finance & Accounting",Boston University
37,Strategic Account Manager,96640,5 mos,Information Technology,Computer and Information Sciences,Acronis
38,QA Team Lead,95841,4 yrs 3 mos,"Information Technology Project Management, Information security concentration",Information Technology,UNFI
39,Senior Advisor,108733,7 mos,,Civil Engineering,Boston Planning & Development Agency
40,Senior Audit Manager,83007,2 yrs 4 mos,Accounting,"Business Administration, Accounting",KLR
42,Security Coordinator,107000,6 mos,"Criminal Justice/Law Enforcement Administration,",,Draper
43,Procurement Planner,70408,6 yrs 7 mos,Supply Chain Management and Entrepreneurship,,Saudi Aramco
44,Graduate Student,36813,less than a year,Informatics,Computer Science,Northeastern University
45,Accounting Manager,98576,12 yrs 7 mos,"Business Administration and Management, General",Finance and Financial Management Services,John Hancock Financial Services
46,Principal Account Executive,73878,3 yrs 1 mo,Accounting and Finance,Business/Managerial Economics,HubSpot
48,Content Marketing Manager,81825,10 mos,"Communication, General",,Lux Research
49,Senior Software Engineer,128383,10 mos,Computer Science,Computer Engineering,Veracode
50,Scientist I,133938,2 yrs 1 mo,Biotechnology,Biotechnology,UCB
51,Staff Software Engineer,116682,4 yrs 1 mo,Computer Science,,Intuit
52,Scientist,116079,4 mos,Biotechnology (Pharmaceutical Science),"Biological Science, Chemistry, Sociology",Agios Pharmaceuticals
54,Assistant Teaching Professor,74897,4 yrs 6 mos,Industrial Engineering,Operations Research,Northeastern University
55,Client Manager,75729,6 yrs 11 mos,Criminal Justice,Criminal Justice,Northeast Security Inc.
56,Senior Clinical Trial Associate,90614,1 yr 7 mos,"Behavioral Neuroscience, Minor in History",,Seres Therapeutics
58,People Business Partner,68590,1 yr 1 mo,Psychology,,Thrasio
59,Senior Solutions Consultant,126755,2 yrs 8 mos,Computer Science and Mathematics,,SHYFT Analytics
60,Associate Director Regulatory Affairs,82678,5 mos,Regulatory Affairs,,Biogen
61,Senior Data Manager,112490,1 yr 9 mos,Business Administration - Marketing Concentration; Biology Minor,,Purple Carrot
62,Emergency Medicine Physician Assistant,195843,3 yrs 6 mos,Physician Assistant,"Health Professions and Related Clinical Sciences, Other",Wake Forest Baptist Health
63,Co,45606,5 mos,College Student Development and Counseling,Industrial Engineering,University of Massachusetts Lowell
66,Research Scientist,94055,6 mos,Electrical and Electronics Engineering,Electrical and Electronics Engineering,Bytedance
67,Senior Local Content Specialist,81825,11 mos,Entrepreneurship Concentration,Industrial Engineering,Ørsted Offshore North America
69,Senior Datawarehouse Developer Analyst,86627,5 yrs 1 mo,Information System,,MathWorks
70,Software Engineer,75842,2 yrs 5 mos,Computer Science,Financial Marketing and Institutions,TraceLink
71,Digital Marketing Manager,65677,6 mos,Organizational Communication (Major) Psychology (Minor),Global Communication Studies & Fine Arts,Coiled
72,Scientist I,99243,9 mos,Chemistry,Chemistry,Sarepta Therapeutics
74,Communications,63668,1 yr 6 mos,"History, Political Science, Art History",International Summer Schools,Associates of the Boston Public Library
75,IT Network Infrastructure Engineer,86356,7 yrs 6 mos,Computer System Networking and Telecom,Electronics,Sophos
77,Academic Research Associate,87822,1 yr 1 mo,Biology,,Abiomed
78,Application Developer,96926,5 yrs 1 mo,Industrial Engineering,,UnitedHealth Group
79,Staff Software Engineer,137667,6 mos,Computer Science,,Teikametrics ------ I WILL REFUSE ALL RECRUITING CALLS AT THIS TIME
80,Sr Financial Analyst,79760,5 yrs 2 mos,Management,,Interactions LLC
81,Technical Engineering Manager,180773,4 yrs 1 mo,Computer Science,Chemical Engineering,Salsify
82,Information Security Officer,84919,3 yrs 9 mos,Information Assurance,Network Security Management,"Colleges of the Fenway, serving MassArt and Wentworth Institute of Technology."
83,AVP,135731,4 mos,Finance Concentration,Finance,Barclays
85,Executive Director,190373,2 yrs 10 mos,Health Informatics,Mathematics and Computer Science,athenahealth
86,Community Development Analyst,73167,1 yr 6 mos,Urban & Regional Policy,Economics & Political Science,Federal Reserve Bank of Boston
88,Director Of Development,102688,1 yr,Public Administration,Political Science and Government,YouthBuild Boston
90,Senior Team Lead,82366,9 mos,Computer Science,Information Technology,MathWorks
91,Research Scientist,94055,5 yrs 3 mos,Electrical Engineering,Control Theory and Control Engineering,Bosch
94,Business Analyst,80838,11 yrs 5 mos,Technology,,City of Boston
95,Senior Research Analyst,59591,7 mos,Epidemiology/Biostatistics,Criminal Justice,Health Resources in Action
96,Process Engineer,111648,5 yrs 5 mos,Mechanical Engineering,Mechanical Engineering,Raytheon
97,Client Success Specialist,54721,3 mos,Music Industry,,Uber
99,Environmental Engineer,77317,8 yrs 5 mos,Civil and Environmental Engineering,Environmental Science,Department of Environmental Protection (MassDEP)
101,Senior Software Engineer,127516,2 yrs 8 mos,Economics,,Rocket Insights
102,Marketing Coordinator,86115,10 mos,Architecture & Graphic Design,,Arup
103,Application Development Specialist,116833,8 yrs 7 mos,Introduction to Quantitative Methods for Economics,Elements of Data Science and Statistical Learning with R,Boston Children's Hospital
106,Software Engineer,125140,5 yrs 3 mos,Computer Science,Computer Science,Google
107,Supply chain,150902,2 yrs 1 mo,"Management, Summa Cum Laude","Industrial Engineering, Magna Cum Laude",P&G
108,Human Resources Operations Manager,87675,1 yr 3 mos,Psychology,Introduction to the Digital Era: The Power of Social Media,Humanyze
109,Chief Technology Officer,190255,2 yrs 10 mos,,,"SuperDraft, Inc."
110,Partner Success Manager,78294,1 yr 2 mos,Concentration in Marketing; Minor in Psychology,,Klaviyo
111,Software Engineer,105909,5 yrs 9 mos,Computer Engineering,,Tigera
112,Product Manager,126667,2 yrs 11 mos,Innovation Management,Computer Engineering,Dell Technologies
113,Senior Associate Product Manager,89164,4 mos,Psychology,,Capital One
115,Product Manager,113363,10 mos,Business Administration,,Applause
116,Manager of Online Course Production,76351,1 yr 11 mos,Film & TV Studies,Communication Studies and Film Studies,Harvard Extension School
118,Manager Data Warehousing,122204,6 yrs 3 mos,Computer Science,Information Technology,United Natural Foods
120,Portfolio Analyst,77786,2 yrs 10 mos,"BSBA, Finance",,"Ballentine Partners, LLC"
121,Project Manager,54747,5 mos,Public Health,Biology,Thermo Fisher Scientific
122,Digital Marketing Account Manager,69105,11 mos,International Business and Development,"Sociology, International Affairs, and History",C-4 Analytics
123,Onboarding Manager,53838,4 yrs 11 mos,Telecommunication System Management,Electronics and Telecommunications,Liaison International
124,Director,204116,1 yr 3 mos,Journalism,Integrated Marketing Communications,HubSpot
125,Clinical Operations Project Manager,71181,2 yrs 6 mos,Epidemiology,Biology,Kayentis
126,Supervisor,58510,4 yrs 4 mos,Finance / Emerging Markets,Emerging Markets / Field Research.,The Public Institution for Social Security
127,Director of Digital Strategy,168878,11 mos,Marketing and Management,,Carnegie Dartlet
128,Data Scientist,106548,2 yrs 6 mos,Data Science,Economics and Mathematics,Schneider Electric
129,Senior Marketing Specialist,53713,6 mos,International Business,Global Business,Comcast
130,Administrative Lead,77489,3 yrs 5 mos,Finance,Sociology,Pfizer
131,Director Of Financial Planning,163006,1 yr 7 mos,Higher Education Administration,Communication,Lasell University
132,Corporate Affairs Manager,82678,6 yrs 10 mos,"Political Science, International Affairs",Engineering,Con Edison
133,Associate Director,136075,2 yrs 2 mos,Accounting and Finance,Study Abroad,Harvard Management Company
137,Strategy Project Leader,122511,7 mos,,,Liberty Mutual Insurance
138,Software Developer,92616,6 yrs,Electrical and Electronics Engineering,Electrical and Electronics Engineering,The MathWorks
139,Software Engineer,125140,1 yr,Computer Science,"Electrical Engineering, Minor in Mathematics",Google
140,Associate Technology Officer,91768,3 yrs 5 mos,Electromagnetics,,MIT Lincoln Laboratory
141,Vice President,176785,9 yrs 10 mos,Business Administration; Accounting,,SCS Financial
142,Director of Education,35880,1 yr 5 mos,Urban Education and Leadership,Higher Education Administration,MassEdCO
143,Registered Nurse,62400,6 yrs 7 mos,Registered Nursing/Registered Nurse,,Boston Children's Hospital
144,Platform Developer,103658,3 yrs 8 mos,,,LevelUp
145,Director of Regulatory Affairs,178382,1 yr 3 mos,Political Science; Concentration: Public Policy and International Relations,Government and International Relations; Concentration: American Government,"Health Plans, Inc."
147,Content Marketing Manager,81825,3 mos,"Business Administration and Management, General",,CrowdStrike
149,Tech Lead,156021,3 yrs 1 mo,"Computer Science, Mathematics",,HubSpot
150,Clinical Pharmacist,124450,4 yrs 5 mos,Pharmacy,,Aetna
151,Implementation Consultant,90126,3 yrs 5 mos,College Student Development and Counseling,"Study Abroad, Student Affairs at Sea",Accruent
152,Director of Graduate Admission,58428,6 yrs 11 mos,Higher Education Administration,Philosophy and History,Emerson College
153,Software Developer,84509,3 yrs 3 mos,Computer Science and Game Design,,Escher Group
155,Senior Software Quality Engineer,109345,9 mos,Software Engineering,Electrical and Computer Engineering,AbleTo Inc.
156,Account Executive,67783,10 mos,Entrepreneurship/Entrepreneurial Studies,,Wonderlic
157,Executive Recruiter,33805,7 yrs 1 mo,Economics,,Commonwealth Resources
158,Program Manager,88719,9 yrs 2 mos,Environmental Science,Chemistry,United States Department of Defense
159,Assurance Senior Manager,146514,10 yrs 6 mos,Accounting,"Business Administration, Accounting",Ernst & Young
161,Associate Scientist,134328,3 yrs 4 mos,Biotechnology,Biotechnology,Biogen
162,Senior Team Lead,82366,4 yrs 4 mos,Industrial Engineering; Quality Engineering and Reliability,Industrial Engineering,The MathWorks
163,Controller,127475,2 yrs 7 mos,Accounting/Business Administration,Economics and Mathematics,Copley Equity Partners LLC
164,Program Manager,88719,15 yrs 2 mos,Engineering,,MicroGroup
166,Senior Recruiter,73350,5 mos,Leadership/Human Resources,Business Administration & Management,Quickbase
168,Project Manager,93128,1 yr 5 mos,Urban & Regional Policy,Math and Economics,East Boston CDC
169,Technology Support Services Supervisor,40707,3 yrs 7 mos,Management Information Science and Marketing,,Harvard Law School
172,Operations Program Manager,106252,2 yrs 1 mo,Mechanical Engineering,Operations / Supply Chain Management,Raytheon Technologies
173,Controller,127475,2 yrs 1 mo,Accounting,Accounting,South Shore Bank
174,Project Manager,93128,2 yrs 1 mo,Architecture,,LEFTFIELD
175,Enterprise Account Executive,101661,3 yrs,Business - Marketing,,edX
177,Principle Software Engineer,167573,2 yrs,Information Technology,Information Technology,NETSCOUT
178,Customer Success Manager,80597,1 yr 7 mos,Management/Finance,Business,Saylent
180,Director of Engineering,183064,1 mo,Computer Science,Computer Science,"NewStore, Inc. (We are hiring!)"
181,Director,98219,4 mos,Organizational Leadership,Counseling and Applied Educational Psychology. Concentration in College Student Development.,Northeastern University
182,Postdoc Associate,67650,6 yrs 10 mos,Mechanical Engineering,Engineering Mechanics,Massachusetts Institute of Technology (MIT)
186,Research Assistant,26520,7 yrs 7 mos,,,Pfizer
187,Senior FP&A Analyst,92023,9 mos,,Accounting and Finance,Definitive Healthcare
188,Diversity,75795,10 mos,Economics,,SmartBear
189,Investment Reporting Analyst,72342,6 yrs,"Business Administration, Concentrations in Finance and Marketing, Minor in International Affairs",,"Starpoint Solutions onsite at Wellington Management Co, LLP"
190,Financial & Operations Project Manager,66221,11 mos,"General Management, Marketing, International Business","Finance, General","Greater Lynn Senior Services, Inc."
194,General Manager,74308,4 yrs 6 mos,Exercise Science,Educational Psychology,Row and Ride
196,Director of Engineering,164470,3 mos,High Tech,Computer Science,Nasuni
197,Sales & Deputy General Manager,74703,6 yrs 6 mos,"Marketing, Art",,LEVO- a 20 yr garden tool manufacturer (OEM/ODM)
199,Principal Product Manager,163438,1 yr,Strategic Analytics,Criminal Justice,Cambridge Mobile Telematics
200,Senior Research Engineer,119444,5 mos,Chemical Engineering,Chemical Engineering,a battery start up
202,Graduate Student,36813,2 yrs 10 mos,Food And Food Industry Regulation,BIOTECHNOLOGY AND COMPLIANCES,Northeastern University
203,Administrative Coordinator,51085,7 mos,Speech-Language Pathology/Pathologist,Speech-Language Pathology/Pathologist,Stealth NewCo
205,Business Continuity Analyst,79960,6 mos,,,Wellington Management
206,Research,42561,2 yrs 7 mos,Nonprofit management,Pharmaceutical science,Seqirus
209,Staff Software Engineer,137667,5 mos,"Computer Science, Cognitive Psychology",,Robin
212,Senior Software Engineer,146895,1 yr 4 mos,Engineering Management,Supply Chain Management,TraceLink
213,Vice President,118037,2 yrs 1 mo,Finance,,BlackRock
215,Senior software QA engineer,112528,1 yr 10 mos,Information Systems,Information Technology,"AMADEUS NORTH AMERICA, INC."
216,Sr. Director of Programs,96057,4 yrs 6 mos,Nonprofit Management - Leadership concentration,"Economics, Dance",Philanthropy Massachusetts
217,Lead Data Informatics Analyst,132872,9 mos,Data Science,Project Management,UKG (Ultimate Kronos Group)
218,Senior Director Clinical Operations,259840,1 yr 4 mos,,,Editas Medicine
219,Senior HR Associate,67080,2 yrs 7 mos,Organizational Communication,,Bain Capital
220,Senior Financial Analyst,83362,1 yr 4 mos,Engineering,,Boston Scientific
221,Consultant,182856,7 mos,,Civl Engineering,EY-Parthenon
222,Software Development Engineer,159384,1 yr 11 mos,Computer Science,Computer Engineering,AWS
223,Director Of Technology Operations,121100,1 yr 2 mos,Dual major in Computer and Information Science,,PowerAdvocate
224,Vulnerability Management Program Manager,65597,1 yr 3 mos,Cyber Security,Dual Major in Computer Science and Biology,Epiq
226,Associate Director,136075,4 yrs 4 mos,Applied Educational Psychology: College Student Development & Counseling,Sociology & Communication Studies,Harvard T.H. Chan School of Public Health
227,Math intervention Coordinator,60764,6 yrs 6 mos,Health Science,High School/Secondary Diplomas and Certificates,Boston Public Schools
228,Senior Associate Scientist,115986,2 yrs,Pharmaceutical Science,Behavioral Neuroscience,"Jounce Therapeutics, Inc."
229,Software Application Developer,103114,6 yrs 9 mos,Computer Engineering,Computer Engineering,MITRE
230,External Programs Manager,79597,4 yrs 7 mos,Industrial Engineering,,InfinityQS International
231,Associate Partner,230684,1 yr 1 mo,,Chemistry (focus on Organic Chemistry),Bain & Company
232,Associate Director of Workplace Experience,112734,8 mos,"Marketing, International Affairs",,Tinder
233,Global Equity Sales,154908,2 yrs 10 mos,"Economics, Business Administration",,New Street Research
234,Senior Software Engineer,128383,5 mos,Computer Engineering,Computer Engineering,Man Numeric
235,Information Technology Help Desk Support,51687,2 yrs 2 mos,Computer Engineering,,Boston Dynamics
237,Senior Scientist,115960,9 mos,Biotechnology,Biochemistry,Pfizer
238,CMC Project Manager,90068,6 mos,Biology,,bluebird bio
240,Customer Service/Inside Sales Representative,50986,3 yrs 4 mos,Communication and Media Studies,"Study Abroad in London, England",Rhode Island Tile Distributors
242,Software Engineer,125509,6 mos,Computer Science,,WHOOP
243,Manager of Pharmacy Operations,141520,2 yrs,PharmD,,Injured Workers Pharmacy
244,Consultant,130855,10 mos,"Business Administration; Marketing, Minor in Psychology",Business Administration,Slalom
245,Clinical Research Pharmacist,54731,3 yrs 11 mos,Pharmacy,,Pfizer
246,Office Manager,53459,1 yr 4 mos,Project Leadership,Human Resources,Satellite Bio
248,Executive Director of Strategic Accounts,106684,1 yr 1 mo,"Business Management, Operations And Marketing","Biotechnology, Drug Discovery Pharmaceutical science",Schrödinger
252,Content Marketing Manager,81825,4 mos,"Business Management, Marketing",,Demostack
253,Process Engineer,89688,4 yrs 3 mos,Chemical Engineering,Chemical Engineering,BWT Pharma & Biotech
254,Customs & Trade Compliance Lead,72346,1 yr 5 mos,Finance and Management,,Bose Corporation
257,Manager,155356,2 mos,Information Technology,Accounting,Deloitte
259,MD Candidate,102194,3 yrs,,Medical Sciences/Clinical Investigation,Tufts University School of Medicine
260,Operations,77449,3 yrs 11 mos,Strategy and Innovation,Management; Community & Cultural Engagement,EPAM Continuum
261,Systems Engineer,94001,6 yrs 5 mos,Infomation Science,,Avanade
262,Associate,44300,1 yr 1 mo,Business and Commercial Law Concentration,"History, Spanish, Pre-Law",Holland & Knight LLP
263,Senior Research Engineer I,119374,3 yrs 4 mos,Mechanical Engineering,Mechanical Engineering,Saint-Gobain Research North America
265,Senior Human Factors,104834,2 yrs,Mechanical Engineering,,"NxStage Medical, Inc."
266,Senior Integration Engineer,104864,3 yrs 3 mos,Computer Science,,SessionM
267,Project Engineer,88039,2 yrs 11 mos,Civil and Environmental Engineering,,Woodard & Curran
268,Senior Manager,142841,4 yrs 4 mos,Accounting,Accounting and Finance,PricewaterhouseCoopers LLP
269,Vice President,176785,2 mos,Nonprofit Management,Communication Studies,Atlantic Global Risk | M&A Insurance
270,Software Engineer,125429,8 yrs 11 mos,Compuer Science,,HubSpot
271,Senior Software Engineer,146928,2 yrs 6 mos,Electrical Engineering,,Wayfair
272,Director Of Communications,110577,5 yrs 3 mos,"Political Science, Public Policy, Public Relations",,Boston Planning & Development Agency
273,Software Engineer,75842,3 yrs 1 mo,Computer Systems Engineering,Information Systems & Management,TraceLink
274,Senior User Experience Designer,112964,2 yrs 5 mos,Human Factors and Information Design,Graphic Design,Fidelity Investments
275,Acquisition Program Manager,99560,12 yrs,"Business, Management, Marketing, and Related Support Services","Acquisition, Logistics, Finance, and Management",United States Air Force
276,Social Media Supervisor,61023,7 mos,"Communication, General",Digital Communication and Media/Multimedia,Ogilvy
277,Senior Manager,170302,2 yrs 8 mos,Accounting,Accounting and Finance,PwC
278,Program Manager,88719,2 yrs 5 mos,Public Health candidate,Leadership Studies,"Hildebrand Family Self-Help Center, Inc."
280,Buyer,97000,1 yr 4 mos,"Logistics, Materials, and Supply Chain Management",Spanish Language and Literature,"The TJX Companies, Inc."
281,Technical Lead,137928,6 yrs 8 mos,Computer Science,,HubSpot
282,Lead Software Developer,110131,7 yrs 11 mos,Computer Engineering,,"Rakuten USA, Inc"
283,Senior Software Engineer,137463,9 yrs 9 mos,Computer Science,Chemistry,MathWorks
286,Senior Product Manager,145545,2 yrs 6 mos,"Communication and Media Studies, Business",,eBay
287,VP of Engineering,215648,7 mos,Information Systems,,SmartKargo
288,Operation Lead,62227,3 yrs 1 mo,Biotechnology,Pharmacy,Broad Institute of MIT and Harvard
289,Technical Lead,137928,2 yrs 5 mos,Computer Science,,HubSpot
290,Senior Strategy Analyst,62968,1 yr 1 mo,Business Administration; Management,,Tufts Health Plan
291,Clinical Trial Manager,117309,2 yrs 8 mos,Biology,Clinical Trial Management,Apellis
